{
  "feature": "minecraft:dripstone_cluster-plain_caves",
  "placement": [
    {
      "type": "minecraft:noise_based_count",
      "noise_factor": 0.1,
      "noise_offset": 0.0,
      "noise_to_count_ratio": 5
    },
    {
      "type": "minecraft:in_square"
    },
    {
      "type": "minecraft:height_range",
      "height": {
        "type": "minecraft:uniform",
        "min_inclusive": {
          "above_bottom": 0
        },
        "max_inclusive": {
          "absolute": 256
        }
      }
    },
    {
      "type": "minecraft:surface_relative_threshold_filter",
      "heightmap": "OCEAN_FLOOR_WG",
      "max_inclusive": -4
    },
    {
      "type": "minecraft:biome"
    }
  ]
}