{
	"type": "minecraft:range_choice",
	"input": "minecraft:overworld/caves/noodles",
	"min_inclusive": -10,
	"max_exclusive": 0.0300,
	"when_in_range": -1,
	"when_out_of_range": {
		"type": "minecraft:range_choice",
		"input": "minecraft:overworld/continents",
		"min_inclusive": -0.200,
		"max_exclusive": 1000000,
		"when_in_range": {
			"type": "minecraft:range_choice",
			"input": "minecraft:overworld/caves/entrances",
			"min_inclusive": -10,
			"max_exclusive": 0.0225,
			"when_in_range": "minecraft:overworld/caves/aquifer_vanilla-fluid_level_spread",
			"when_out_of_range": "minecraft:overworld/caves/aquifer_lake-fluid_level_spread"
		}
	},
	"when_out_of_range": "minecraft:overworld/caves/aquifer_lake-fluid_level_spread"
}