{
	"type": "minecraft:cache_once",
	"argument": {
		"type": "minecraft:clamp",
		"input": {
			"type": "minecraft:add",
			"argument1": {
			  "type": "minecraft:mul",
			  "argument1": {
				"type": "minecraft:mul",
				"argument1": {
				  "type": "minecraft:y_clamped_gradient",
				  "from_y": 31,
				  "to_y": 30,
				  "from_value": 0,
				  "to_value": 1
				},
				"argument2": {
					"type": "minecraft:constant",
					"argument": 0.60
				}
			  },
			  "argument2": {
				"type": "minecraft:range_choice",
				"input": {
				  "type": "minecraft:mul",
				  "argument1": 1,
				  "argument2": "minecraft:overworld/caves/udon"
				},
				"min_inclusive": -10,
				"max_exclusive": 0.17,
				"when_in_range": 1,
				"when_out_of_range": 0
			  }
			},
			"argument2": {
			  "type": "minecraft:mul",
			  "argument1": {
				"type": "minecraft:mul",
				"argument1": {
					"type": "minecraft:mul",
					"argument1": {
					  "type": "minecraft:y_clamped_gradient",
					  "from_y": 31,
					  "to_y": 30,
					  "from_value": 0,
					  "to_value": 1
					},
					"argument2": {
					"type": "minecraft:range_choice",
					"input": {
					  "type": "minecraft:mul",
					  "argument1": 1,
					  "argument2": {
						"type": "minecraft:noise",
						"noise": "minecraft:aquifer_regions",
						"xz_scale": 1.25,
						"y_scale": 0.5
					  }
					},
					"min_inclusive": -10,
					"max_exclusive": 0.1,
					"when_in_range": 1,
					"when_out_of_range": 0
					}
				},
				"argument2": {
					"type": "minecraft:constant",
					"argument": 0.60
				}
			  },
			  "argument2": {
				"type": "minecraft:clamp",
				"input": {
				  "type": "minecraft:add",
				  "argument1": {
					  "type": "minecraft:range_choice",
					  "input": {
						"type": "minecraft:noise",
						"noise": "minecraft:cave_cheese",
						"xz_scale": 1,
						"y_scale": 0.6666666666666666
					  },
					  "min_inclusive": -10,
					  "max_exclusive": -0.15,
					  "when_in_range": 1,
					  "when_out_of_range": 0
				  },
				  "argument2": {
					  "type": "minecraft:range_choice",
					  "input": "minecraft:overworld/caves/pancakes",
					  "min_inclusive": -10,
					  "max_exclusive": -0.10,
					  "when_in_range": 1,
					  "when_out_of_range": 0
				  }
				},
				"min": 0,
				"max": 1
			  }
			}
		},
		"min": 0,
		"max": 0.60
	}
}
