{
"type": "minecraft:cache_once",
	"argument": {
		"type": "minecraft:min",
		"argument1": {
		  "type": "minecraft:min",
		  "argument1": {
			  "type": "minecraft:add",
			  "argument1": {
				"type": "minecraft:mul",
				"argument1": 4,
				"argument2": {
				  "type": "minecraft:square",
				  "argument": {
					"type": "minecraft:noise",
					"noise": "minecraft:cave_layer",
					"xz_scale": 1,
					"y_scale": 8
				  }
				}
			  },
			  "argument2": {
				"type": "minecraft:add",
				"argument1": {
				  "type": "minecraft:min",
				  "argument1": {
					"type": "minecraft:clamp",
					"input": {
					  "type": "minecraft:add",
					  "argument1": 0.27,
					  "argument2": {
						"type": "minecraft:noise",
						"noise": "minecraft:cave_cheese",
						"xz_scale": 1,
						"y_scale": 0.6666666666666666
					  }
					},
					"min": -1,
					"max": 1
				  },
				  "argument2": {
					"type": "minecraft:min",
					"argument1": {
						"type": "minecraft:clamp",
						"input": {
						  "type": "minecraft:mul",
						  "argument1": 1,
						  "argument2": "minecraft:overworld/caves/pancakes"
						},
						"min": -1,
						"max": 1
					},
					"argument2": {
						"type": "minecraft:clamp",
						"input": {
						  "type": "minecraft:mul",
						  "argument1": 1,
						  "argument2": "minecraft:overworld/caves/pancakes_mini"
						},
						"min": -1,
						"max": 1
					}
				  }
				},
				"argument2": {
				  "type": "minecraft:clamp",
				  "input": {
					"type": "minecraft:add",
					"argument1": 1.5,
					"argument2": {
					  "type": "minecraft:mul",
					  "argument1": -0.64,
					  "argument2": "minecraft:overworld/sloped_cheese"
					}
				  },
				  "min": 0,
				  "max": 0.5
				}
			  }
			},
		  "argument2": "minecraft:overworld/caves/entrances"
		},
		"argument2": {
			"type": "minecraft:min",
			"argument1": {
			  "type": "minecraft:add",
			  "argument1": "minecraft:overworld/caves/spaghetti_2d",
			  "argument2": "minecraft:overworld/caves/spaghetti_roughness_function"
			},
			"argument2": {
				"type": "minecraft:add",
				"argument1": "minecraft:overworld/caves/udon",
				"argument2": "minecraft:overworld/caves/udon_roughness_function"
			}
		}
	}
}