{
  "type": "minecraft:add",
  "argument1": 1,
  "argument2": {
    "type": "minecraft:mul",
    "argument1": {
      "type": "minecraft:add",
      "argument1": 1,
      "argument2": {
        "type": "minecraft:mul",
        "argument1": -20,
        "argument2": {
          "type": "minecraft:clamp",
          "input": {
            "type": "minecraft:noise",
            "noise": "minecraft:cheese_mini_smooth-prevalence",
            "xz_scale": 0.1,
            "y_scale": 1
          },
          "min": 0,
          "max": 1
        }
      }
    },
    "argument2": {
      "type": "minecraft:add",
      "argument1": -0.4,
      "argument2": {
        "type": "minecraft:mul",
        "argument1": 1.2,
        "argument2": {
          "type": "minecraft:noise",
          "noise": "minecraft:cave_cheese_mini_smooth",
          "xz_scale": 0.1,
          "y_scale": 1.8
        }
      }
    }
  }
}
