{
  "type": "minecraft:add",
  "argument1": 1,
  "argument2": {
    "type": "minecraft:mul",
    "argument1": {
      "type": "minecraft:add",
      "argument1": 1,
      "argument2": {
        "type": "minecraft:mul",
        "argument1": -8,
        "argument2": {
          "type": "minecraft:clamp",
          "input": {
            "type": "minecraft:noise",
            "noise": "minecraft:cheese_smooth-prevalence",
            "xz_scale": 0.15,
            "y_scale": 1
          },
          "min": 0,
          "max": 0.5
        }
      }
    },
    "argument2": {
      "type": "minecraft:add",
      "argument1": -0.2,
      "argument2": {
        "type": "minecraft:mul",
        "argument1": 1.8,
        "argument2": {
          "type": "minecraft:noise",
          "noise": "minecraft:cave_cheese_smooth",
          "xz_scale": 0.2,
          "y_scale": 2.65
        }
      }
    }
  }
}
