{
  "type": "minecraft:geode",
  "config": {
    "blocks": {
      "alternate_inner_layer_provider": {
        "type": "minecraft:simple_state_provider",
        "state": {
          "Name": "minecraft:budding_amethyst"
        }
      },
      "cannot_replace": "#minecraft:features_cannot_replace",
      "filling_provider": {
        "type": "minecraft:simple_state_provider",
        "state": {
          "Name": "minecraft:air"
        }
      },
      "inner_layer_provider": {
        "type": "minecraft:simple_state_provider",
        "state": {
          "Name": "minecraft:amethyst_block"
        }
      },
      "inner_placements": [
        {
		"Name": "minecraft:budding_amethyst"
        },
		{
          "Name": "minecraft:small_amethyst_bud",
          "Properties": {
            "facing": "up",
            "waterlogged": "false"
          }
        },
        {
          "Name": "minecraft:medium_amethyst_bud",
          "Properties": {
            "facing": "up",
            "waterlogged": "false"
          }
        },
		{
          "Name": "minecraft:large_amethyst_bud",
          "Properties": {
            "facing": "up",
            "waterlogged": "false"
          }
        },
        {
          "Name": "minecraft:amethyst_cluster",
          "Properties": {
            "facing": "up",
            "waterlogged": "false"
          }
        }
      ],
      "invalid_blocks": "#minecraft:geode_invalid_blocks",
      "middle_layer_provider": {
        "type": "minecraft:simple_state_provider",
        "state": {
          "Name": "minecraft:calcite"
        }
      },
      "outer_layer_provider": {
        "type": "minecraft:simple_state_provider",
        "state": {
          "Name": "minecraft:smooth_basalt"
        }
      }
    },
    "crack": {
		"base_crack_size": 5,
		"crack_point_offset": 0,
		"generate_crack_chance": 0.95
    },
    "distribution_points": {
		"type": "minecraft:constant",
		"value": 4
    },
    "invalid_blocks_threshold": 0,
    "layers": {
		"filling": 4.00,
		"inner_layer": 4.75,
		"middle_layer": 5.50,
		"outer_layer": 7.00
    },
    "max_gen_offset": 20,
    "min_gen_offset": -20,
    "noise_multiplier": 0.05,
    "outer_wall_distance": {
		"type": "minecraft:constant",
		"value": 4
    },
    "placements_require_layer0_alternate": true,
    "point_offset": {
		"type": "minecraft:constant",
		"value": 0
    },
    "use_alternate_layer0_chance": 0.083,
    "use_potential_placements_chance": 0.64
  }
}