{
  "type": "minecraft:random_patch",
  "config": {
    "tries": 16,
    "xz_spread": 8,
    "y_spread": 4,
    "feature": {
      "feature": {
        "type": "minecraft:multiface_growth",
        "config": {
          "block": "minecraft:glow_lichen",
          "search_range": 8,
          "chance_of_spreading": 0.7,
          "can_place_on_floor": true,
          "can_place_on_ceiling": false,
          "can_place_on_wall": true,
          "can_be_placed_on": "#minecraft:aquifer_vegetation_can_grow_on"
        }
      },
      "placement": [
        {
          "type": "minecraft:block_predicate_filter",
          "predicate": {
            "type": "minecraft:matching_fluids",
            "offset": [
              0,
              0,
              0
            ],
            "fluids": "minecraft:water"
          }
        },
        {
          "type": "minecraft:environment_scan",
          "direction_of_search": "down",
          "max_steps": 16,
          "target_condition": {
            "type": "minecraft:matching_block_tag",
            "offset": [
              0,
              -1,
              0
            ],
            "tag": "minecraft:aquifer_vegetation_can_grow_on"
          },
          "allowed_search_condition": {
            "type": "minecraft:true"
          }
        },
        {
          "type": "minecraft:block_predicate_filter",
          "predicate": {
            "type": "minecraft:not",
            "predicate": {
              "type": "minecraft:matching_block_tag",
              "offset": [
                0,
                1,
                0
              ],
              "tag": "minecraft:air"
            }
          }
        }
      ]
    }
  }
}
