{
  "type": "minecraft:random_patch",
  "config": {
    "tries": 16,
    "xz_spread": 8,
    "y_spread": 4,
    "feature": {
      "feature": {
        "type": "minecraft:block_column",
        "config": {
          "direction": "up",
          "allowed_placement": {
            "type": "minecraft:all_of",
            "predicates": [
              {
                "type": "minecraft:matching_fluids",
                "offset": [
                  0,
                  0,
                  0
                ],
                "fluids": "minecraft:water"
              }
            ]
          },
          "prioritize_tip": true,
          "layers": [
            {
              "height": {
                "type": "minecraft:clamped_normal",
                "min_inclusive": 1,
                "max_inclusive": 20,
                "mean": 7,
                "deviation": 7
              },
              "provider": {
                "type": "minecraft:simple_state_provider",
                "state": {
                  "Name": "minecraft:kelp_plant"
                }
              }
            },
            {
              "height": 1,
              "provider": {
                "type": "minecraft:simple_state_provider",
                "state": {
                  "Name": "minecraft:kelp",
                  "Properties": {
                    "age": "18"
                  }
                }
              }
            }
          ]
        }
      },
      "placement": [
        {
          "type": "minecraft:block_predicate_filter",
          "predicate": {
            "type": "minecraft:matching_fluids",
            "offset": [
              0,
              0,
              0
            ],
            "fluids": "minecraft:water"
          }
        },
        {
          "type": "minecraft:environment_scan",
          "direction_of_search": "down",
          "max_steps": 16,
          "target_condition": {
            "type": "minecraft:matching_block_tag",
            "offset": [
              0,
              -1,
              0
            ],
            "tag": "minecraft:aquifer_vegetation_can_grow_on"
          },
          "allowed_search_condition": {
            "type": "minecraft:true"
          }
        },
        {
          "type": "minecraft:block_predicate_filter",
          "predicate": {
            "type": "minecraft:not",
            "predicate": {
              "type": "minecraft:matching_block_tag",
              "offset": [
                0,
                1,
                0
              ],
              "tag": "minecraft:air"
            }
          }
        }
      ]
    }
  }
}
